{
  "runs": 1,
  "total_p50_ms": 20323.43459999902,
  "total_p95_ms": 20323.43459999902,
  "explain_p50_ms": 130.86570000086795,
  "explain_p95_ms": 130.86570000086795,
  "rows": [
    {
      "total_ms": 20323.43459999902,
      "understand_ms": 0.0017999991541728377,
      "encode_ms": 13527.67749999839,
      "retrieve_ms": 154.78650000295602,
      "rank_ms": 6493.475199997192,
      "explain_ms": 130.86570000086795,
      "traceability_ms": 16.627900000457885,
      "doc_hits": 3,
      "para_hits": 14
    }
  ]
}